probe_cc,country_name,domain,total_measurements,anomaly_count,anomaly_rate,dns_block_rate,tcp_block_rate,tls_block_rate
UG,Uganda,annas-archive.org,24,24,1.0,0.10000000149011612,0.0,0.0
UG,Uganda,bogus.d2a8n1.rootcanary.net,16,16,1.0,0.10000000149011612,0.0,0.0
UG,Uganda,i2p2.de,8,8,1.0,0.0,0.0,0.20000000298023224
UG,Uganda,im0-tub-com.yandex.net,12,12,1.0,0.0,0.25,0.0
UG,Uganda,lgbtvacationplanners.com,8,8,1.0,0.0,0.0,0.20000000298023224
UG,Uganda,mask-h2.icloud.com,8,8,1.0,0.75,0.0,0.0
UG,Uganda,mask.icloud.com,8,8,1.0,0.75,0.0,0.0
UG,Uganda,messagevortex.net,8,8,1.0,0.0,0.0,0.20000000298023224
UG,Uganda,myspace.com,8,8,1.0,0.0,0.0,0.20000000298023224
UG,Uganda,pathwaystopeaceuganda.com,16,16,1.0,0.10000000149011612,0.0,0.0
UG,Uganda,proggie.ug,8,8,1.0,0.10000000149011612,0.0,0.0
UG,Uganda,proxy.i2phides.me,52,52,1.0,0.0,0.0,0.20000000298023224
UG,Uganda,sci-hub.se,8,8,1.0,0.10000000149011612,0.0,0.0
UG,Uganda,scontent-frt3-2.cdninstagram.com,8,8,1.0,0.10000000149011612,0.0,0.0
UG,Uganda,secfirst.org,8,8,1.0,0.0,0.0,0.20000000298023224
UG,Uganda,stories4humanrights.com,12,12,1.0,0.10000000149011612,0.0,0.0
UG,Uganda,triller.co,8,8,1.0,0.0,0.0,0.20000000298023224
UG,Uganda,urbanlegendkampala.com,8,8,1.0,0.30000000074505806,0.0,0.0
UG,Uganda,westnilepress.org,8,8,1.0,0.10000000149011612,0.0,0.0
UG,Uganda,www.aglionline.org,8,8,1.0,0.10000000149011612,0.0,0.0
UG,Uganda,www.fidauganda.org,16,16,1.0,0.10000000149011612,0.0,0.0
UG,Uganda,www.gmad.org,16,16,1.0,0.10000000149011612,0.0,0.0
UG,Uganda,www.hemeetshim.com,12,12,1.0,0.0,0.25,0.0
UG,Uganda,www.inetprivacy.com,20,20,1.0,0.10000000149011612,0.0,0.0
UG,Uganda,www.ipredator.se,20,20,1.0,0.10000000149011612,0.0,0.0
UG,Uganda,www.norbertmao.org,12,12,1.0,0.10000000149011612,0.0,0.0
UG,Uganda,www.secfirst.org,8,8,1.0,0.0,0.0,0.20000000298023224
UG,Uganda,www.thegrapevine.co.ug,8,8,1.0,0.10000000149011612,0.0,0.0
UG,Uganda,www.ugandatvnetwork.com,8,8,1.0,0.10000000149011612,0.0,0.0
UG,Uganda,www.uyonet.or.ug,8,8,1.0,0.10000000149011612,0.0,0.0
UG,Uganda,xxx.lanl.gov,8,8,1.0,0.0,0.25,0.0
UG,Uganda,yts.mx,20,20,1.0,0.10000000149011612,0.0,0.0
UG,Uganda,z-lib.org,20,20,1.0,0.0,0.0,0.20000000298023224
UG,Uganda,humanistuganda.wordpress.com,12,8,0.6666666666666666,0.0,0.5,0.0
UG,Uganda,www.hizb-ut-tahrir.org,20,12,0.6,0.5099999904632568,0.0,0.0
UG,Uganda,www.facebook.com,324,192,0.5925925925925926,0.0,0.4444444444444444,0.0
UG,Uganda,ca.wikipedia.org,8,4,0.5,0.44999998807907104,0.0,0.0
UG,Uganda,cdn.fbsbx.com,8,4,0.5,0.0,0.375,0.0
UG,Uganda,clubhouse.pubnub.com,8,4,0.5,0.0,0.0,0.3499999940395355
UG,Uganda,edge-mqtt.facebook.com,8,4,0.5,0.0,0.375,0.0
UG,Uganda,external.xx.fbcdn.net,8,4,0.5,0.0,0.375,0.0
UG,Uganda,fbcdn.net,8,4,0.5,0.0,0.375,0.0
UG,Uganda,lookaside.facebook.com,8,4,0.5,0.0,0.375,0.0
UG,Uganda,maureenagena.wordpress.com,8,4,0.5,0.0,0.375,0.0
UG,Uganda,multiproxy.org,8,4,0.5,0.44999998807907104,0.0,0.0
UG,Uganda,ngoforum.or.ug,8,4,0.5,0.44999998807907104,0.0,0.0
UG,Uganda,observer.ug,8,4,0.5,0.0,0.375,0.0
UG,Uganda,pinboard.in,8,4,0.5,0.44999998807907104,0.0,0.0
UG,Uganda,presearch.com,8,4,0.5,0.44999998807907104,0.0,0.0
UG,Uganda,rapidgator.net,8,4,0.5,0.0,0.375,0.0
UG,Uganda,root-key-sentinel-not-ta-20326.d2a8n3.rootcanary.net,16,8,0.5,0.22499999403953552,0.1875,0.0
UG,Uganda,root-key-sentinel-not-ta-38696.d2a8n3.rootcanary.net,16,8,0.5,0.22499999403953552,0.1875,0.0
UG,Uganda,secure.hi5.com,8,4,0.5,0.0,0.0,0.3499999940395355
UG,Uganda,securityinabox.org,8,4,0.5,0.44999998807907104,0.0,0.0
UG,Uganda,static.xx.fbcdn.net,8,4,0.5,0.0,0.375,0.0
UG,Uganda,staticxx.facebook.com,8,4,0.5,0.0,0.375,0.0
UG,Uganda,tamtam.chat,8,4,0.5,0.0,0.0,0.3499999940395355
UG,Uganda,thepearlguide.co.ug,8,4,0.5,0.0,0.125,0.0
UG,Uganda,valence.community,8,4,0.5,0.0,0.0,0.3499999940395355
UG,Uganda,web.facebook.com,8,4,0.5,0.0,0.375,0.0
UG,Uganda,www.bbm.com,8,4,0.5,0.0,0.0,0.3499999940395355
UG,Uganda,www.betternet.co,8,4,0.5,0.0,0.0,0.3499999940395355
UG,Uganda,www.douyin.com,8,4,0.5,0.0,0.375,0.3499999940395355
UG,Uganda,www.ft.com,8,4,0.5,0.44999998807907104,0.0,0.0
UG,Uganda,www.granma.cu,8,4,0.5,0.44999998807907104,0.0,0.0
UG,Uganda,www.shoe.org,8,4,0.5,0.0,0.375,0.0
UG,Uganda,www.torproject.org,8,4,0.5,0.0,0.0,0.3499999940395355
UG,Uganda,www.warchild.net,8,4,0.5,0.0,0.0,0.3499999940395355
UG,Uganda,www.wsj.com,8,4,0.5,0.0,0.0,0.3499999940395355
UG,Uganda,1.1.1.1,52,24,0.46153846153846156,0.0,0.34615384615384615,0.0
UG,Uganda,gaggaalliance.org,20,8,0.4,0.0,0.15,0.13999999761581422
UG,Uganda,www.hidemyass.com,20,8,0.4,0.0,0.0,0.27999999523162844
UG,Uganda,www.hotspotshield.com,20,8,0.4,0.0,0.0,0.27999999523162844
UG,Uganda,about.riot.im,12,4,0.3333333333333333,0.0,0.0,0.23333332935969034
UG,Uganda,adium.im,12,4,0.3333333333333333,0.0,0.0,0.23333332935969034
UG,Uganda,app.element.io,12,4,0.3333333333333333,0.0,0.0,0.23333332935969034
UG,Uganda,app.wire.com,12,4,0.3333333333333333,0.0,0.0,0.23333332935969034
UG,Uganda,coronavirus.jhu.edu,12,4,0.3333333333333333,0.0,0.0,0.23333332935969034
UG,Uganda,cwtch.im,12,4,0.3333333333333333,0.0,0.0,0.23333332935969034
UG,Uganda,hide.me,48,16,0.3333333333333333,0.0,0.0,0.23333332935969034
UG,Uganda,hola.org,12,4,0.3333333333333333,0.0,0.0,0.23333332935969034
UG,Uganda,ifacetimeapp.com,12,4,0.3333333333333333,0.0,0.0,0.23333332935969034
UG,Uganda,jami.net,12,4,0.3333333333333333,0.0,0.0,0.23333332935969034
UG,Uganda,kidshealth.org,12,4,0.3333333333333333,0.0,0.0,0.23333332935969034
UG,Uganda,mail.ru,12,4,0.3333333333333333,0.0,0.0,0.23333332935969034
UG,Uganda,outrightinternational.org,12,4,0.3333333333333333,0.29999999205271405,0.0,0.0
UG,Uganda,psiphon.ca,12,4,0.3333333333333333,0.29999999205271405,0.0,0.0
UG,Uganda,ria.ru,12,4,0.3333333333333333,0.29999999205271405,0.0,0.0
UG,Uganda,rosebellkagumire.com,12,4,0.3333333333333333,0.0,0.25,0.0
UG,Uganda,scontent.xx.fbcdn.net,12,4,0.3333333333333333,0.0,0.25,0.0
UG,Uganda,sea-watch.org,12,4,0.3333333333333333,0.29999999205271405,0.0,0.0
UG,Uganda,telegram.org,12,4,0.3333333333333333,0.0,0.25,0.0
UG,Uganda,www.lgbtmap.org,12,4,0.3333333333333333,0.0,0.0,0.23333332935969034
UG,Uganda,www.madre.org,12,4,0.3333333333333333,0.0,0.0,0.23333332935969034
UG,Uganda,www.megaproxy.com,12,4,0.3333333333333333,0.0,0.0,0.23333332935969034
UG,Uganda,www.mombian.com,12,4,0.3333333333333333,0.0,0.0,0.23333332935969034
UG,Uganda,www.pinknews.co.uk,12,4,0.3333333333333333,0.0,0.0,0.23333332935969034
UG,Uganda,www.privateinternetaccess.com,12,4,0.3333333333333333,0.0,0.0,0.23333332935969034
UG,Uganda,www.vpngate.net,36,12,0.3333333333333333,0.0,0.0,0.23333332935969034
UG,Uganda,dnsleaktest.com,16,4,0.25,0.22499999403953552,0.0,0.0
UG,Uganda,kat.am,16,4,0.25,0.0,0.1875,0.0
UG,Uganda,onionshare.org,48,12,0.25,0.14999999602635702,0.0,0.058333332339922585
UG,Uganda,s3.amazonaws.com,16,4,0.25,0.0,0.1875,0.0
UG,Uganda,use-application-dns.net,16,4,0.25,0.22499999403953552,0.0,0.0
UG,Uganda,www.cato.org,16,4,0.25,0.0,0.0,0.17499999701976776
UG,Uganda,www.childrensdefense.org,16,4,0.25,0.0,0.1875,0.0
UG,Uganda,www.dailymail.co.uk,16,4,0.25,0.22499999403953552,0.0,0.0
UG,Uganda,www.exitinternational.net,16,4,0.25,0.0,0.0,0.17499999701976776
UG,Uganda,www.feminist.com,16,4,0.25,0.0,0.0,0.17499999701976776
UG,Uganda,www.globalfundforwomen.org,16,4,0.25,0.22499999403953552,0.0,0.0
UG,Uganda,www.grindr.com,16,4,0.25,0.22499999403953552,0.0,0.0
UG,Uganda,www.happn.com,16,4,0.25,0.0,0.1875,0.0
UG,Uganda,www.huffpost.com,16,4,0.25,0.22499999403953552,0.0,0.0
UG,Uganda,www.ipvanish.com,16,4,0.25,0.0,0.0,0.17499999701976776
UG,Uganda,www.jihadwatch.org,16,4,0.25,0.0,0.0,0.17499999701976776
UG,Uganda,www.westnileweb.com,16,4,0.25,0.0,0.0,0.17499999701976776
UG,Uganda,www.witness.org,16,4,0.25,0.0,0.0,0.17499999701976776
UG,Uganda,www.womenonweb.org,16,4,0.25,0.0,0.0,0.17499999701976776
UG,Uganda,eztv.ag,20,4,0.2,0.1799999952316284,0.0,0.0
UG,Uganda,globalconservation.org,20,4,0.2,0.0,0.15,0.0
UG,Uganda,mirror.cyberbits.eu,20,4,0.2,0.0,0.0,0.13999999761581422
UG,Uganda,sniply.io,20,4,0.2,0.0,0.15,0.0
UG,Uganda,t2mio.com,20,4,0.2,0.0,0.15,0.0
UG,Uganda,www.doctorswithoutborders.org,20,4,0.2,0.0,0.15,0.0
UG,Uganda,www.herdict.org,20,4,0.2,0.0,0.0,0.13999999761581422
UG,Uganda,www.idea.int,20,4,0.2,0.1799999952316284,0.0,0.0
UG,Uganda,www.undp.org,20,4,0.2,0.0,0.0,0.13999999761581422
UG,Uganda,addons.opera.com,24,4,0.16666666666666666,0.0,0.125,0.0
UG,Uganda,amnezia.org,48,8,0.16666666666666666,0.07499999801317851,0.0,0.058333332339922585
UG,Uganda,fundtexaschoice.org,48,8,0.16666666666666666,0.0,0.0,0.11666666467984517
UG,Uganda,i2pd.website,48,8,0.16666666666666666,0.0,0.0625,0.058333332339922585
UG,Uganda,icao.maps.arcgis.com,24,4,0.16666666666666666,0.0,0.0,0.11666666467984517
UG,Uganda,janesdueprocess.org,48,8,0.16666666666666666,0.0,0.0,0.11666666467984517
UG,Uganda,support.delta.chat,24,4,0.16666666666666666,0.14999999602635702,0.0,0.0
UG,Uganda,www.cyberghostvpn.com,48,8,0.16666666666666666,0.0,0.0,0.11666666467984517
UG,Uganda,www.hrea.org,24,4,0.16666666666666666,0.14999999602635702,0.0,0.0
UG,Uganda,www.hurinet.or.ug,24,4,0.16666666666666666,0.125,0.0,0.0
UG,Uganda,chika.aangat.lahat.computer,32,4,0.125,0.0,0.0,0.08749999850988388
UG,Uganda,www.privacyguides.org,36,4,0.1111111111111111,0.0,0.0,0.07777777645323011
UG,Uganda,www.redstateaccess.com,36,4,0.1111111111111111,0.0,0.0,0.07777777645323011
UG,Uganda,www.reprolegalhelpline.org,36,4,0.1111111111111111,0.0,0.0,0.07777777645323011
UG,Uganda,www.tvc.ru,36,4,0.1111111111111111,0.0,0.0,0.07777777645323011
UG,Uganda,yggdrasil-network.github.io,36,4,0.1111111111111111,0.09999999735090467,0.0,0.0
UG,Uganda,www.ivpn.net,40,4,0.1,0.0,0.0,0.06999999880790711
UG,Uganda,www.ineedana.com,44,4,0.09090909090909091,0.0,0.0,0.06363636255264282
UG,Uganda,airvpn.org,48,4,0.08333333333333333,0.0,0.0,0.058333332339922585
UG,Uganda,i2pgit.org,48,4,0.08333333333333333,0.0,0.0,0.058333332339922585
UG,Uganda,keys.openpgp.org,48,4,0.08333333333333333,0.0,0.0,0.058333332339922585
UG,Uganda,lantern.io,48,4,0.08333333333333333,0.0,0.0,0.058333332339922585
UG,Uganda,leap.se,48,4,0.08333333333333333,0.0,0.0625,0.0
UG,Uganda,moscow.rtrs.ru,48,4,0.08333333333333333,0.0,0.0,0.058333332339922585
UG,Uganda,triplebit.org,48,4,0.08333333333333333,0.0,0.0,0.058333332339922585
UG,Uganda,trustvpn.me,48,4,0.08333333333333333,0.0,0.0,0.058333332339922585
UG,Uganda,ultravpn.com,48,4,0.08333333333333333,0.0,0.0,0.058333332339922585
UG,Uganda,whrdic.org,48,4,0.08333333333333333,0.0,0.0,0.058333332339922585
UG,Uganda,www.1tv.ru,48,4,0.08333333333333333,0.0,0.0,0.058333332339922585
UG,Uganda,www.access-unlocked.org,48,4,0.08333333333333333,0.0,0.0,0.058333332339922585
UG,Uganda,www.cgtn.com,48,4,0.08333333333333333,0.0,0.0,0.058333332339922585
UG,Uganda,www.endfgm.eu,48,4,0.08333333333333333,0.0,0.0,0.058333332339922585
UG,Uganda,www.expressvpn.com,48,4,0.08333333333333333,0.0,0.0,0.058333332339922585
UG,Uganda,www.genderit.org,48,4,0.08333333333333333,0.0,0.0,0.058333332339922585
UG,Uganda,www.heyjane.com,48,4,0.08333333333333333,0.07499999801317851,0.0,0.0
UG,Uganda,www.hyphanet.org,48,4,0.08333333333333333,0.0,0.0,0.058333332339922585
UG,Uganda,bsky.app,52,4,0.07692307692307693,0.0,0.0,0.05384615292915931
UG,Uganda,defenddefenders.org,52,4,0.07692307692307693,0.057692307692307696,0.0,0.0
UG,Uganda,docs.mvt.re,52,4,0.07692307692307693,0.0,0.0,0.05384615292915931
UG,Uganda,orbot.app,52,4,0.07692307692307693,0.0,0.0,0.05384615292915931
UG,Uganda,privatevpn.com,52,4,0.07692307692307693,0.0,0.0,0.05384615292915931
UG,Uganda,www.hrw.org,60,4,0.06666666666666667,0.0,0.05,0.0
UG,Uganda,www.youtube.com,228,8,0.03508771929824561,0.013157894736842105,0.013157894736842105,0.01228070154524686
UG,Uganda,twitter.com,276,8,0.028985507246376812,0.013043477915335392,0.0,0.010144927363464798
UG,Uganda,www.instagram.com,200,4,0.02,0.0,0.015,0.0
UG,Uganda,1337x.st,20,0,0.0,0.0,0.0,0.0
UG,Uganda,1337x.to,20,0,0.0,0.0,0.0,0.0
UG,Uganda,9gag.com,12,0,0.0,0.0,0.0,0.0
UG,Uganda,a.slack-edge.com,12,0,0.0,0.0,0.0,0.0
UG,Uganda,abortion-pills.org,48,0,0.0,0.0,0.0,0.0
UG,Uganda,abortion.eu,20,0,0.0,0.0,0.0,0.0
UG,Uganda,abortionfunds.org,20,0,0.0,0.0,0.0,0.0
UG,Uganda,abortionnetwork.amsterdam,20,0,0.0,0.0,0.0,0.0
UG,Uganda,abortionpillinfo.org,20,0,0.0,0.0,0.0,0.0
UG,Uganda,abpr2.railfan.net,12,0,0.0,0.0,0.0,0.0
UG,Uganda,abs.twimg.com,12,0,0.0,0.0,0.0,0.0
UG,Uganda,account.proton.me,32,0,0.0,0.0,0.0,0.0
UG,Uganda,albiononline.com,16,0,0.0,0.0,0.0,0.0
UG,Uganda,allthefallen.moe,48,0,0.0,0.0,0.0,0.0
UG,Uganda,api.revenuecat.com,16,0,0.0,0.0,0.0,0.0
UG,Uganda,app.developer.here.com,12,0,0.0,0.0,0.0,0.0
UG,Uganda,app.simplelogin.io,32,0,0.0,0.0,0.0,0.0
UG,Uganda,app.slack.com,12,0,0.0,0.0,0.0,0.0
UG,Uganda,archive.ph,12,0,0.0,0.0,0.0,0.0
UG,Uganda,archive.ubuntu.com,16,0,0.0,0.0,0.0,0.0
UG,Uganda,arxiv.org,20,0,0.0,0.0,0.0,0.0
UG,Uganda,askyourgov.ug,8,0,0.0,0.0,0.0,0.0
UG,Uganda,atlasofsurveillance.org,8,0,0.0,0.0,0.0,0.0
UG,Uganda,avatars.mds.yandex.net,12,0,0.0,0.0,0.0,0.0
UG,Uganda,badoo.com,8,0,0.0,0.0,0.0,0.0
UG,Uganda,bcc.chat,32,0,0.0,0.0,0.0,0.0
UG,Uganda,beacondb.net,16,0,0.0,0.0,0.0,0.0
UG,Uganda,beyondexgay.com,8,0,0.0,0.0,0.0,0.0
UG,Uganda,bi.org,8,0,0.0,0.0,0.0,0.0
UG,Uganda,bintray.com,8,0,0.0,0.0,0.0,0.0
UG,Uganda,blogmarks.net,8,0,0.0,0.0,0.0,0.0
UG,Uganda,bouncer.ooni.io,8,0,0.0,0.0,0.0,0.0
UG,Uganda,briarproject.org,12,0,0.0,0.0,0.0,0.0
UG,Uganda,bricspress.live,52,0,0.0,0.0,0.0,0.0
UG,Uganda,bridges.torproject.org,8,0,0.0,0.0,0.0,0.0
UG,Uganda,bros4bros.com,8,0,0.0,0.0,0.0,0.0
UG,Uganda,brothersroad.org,8,0,0.0,0.0,0.0,0.0
UG,Uganda,btguard.com,8,0,0.0,0.0,0.0,0.0
UG,Uganda,bughunters.google.com,16,0,0.0,0.0,0.0,0.0
UG,Uganda,businessfocus.co.ug,8,0,0.0,0.0,0.0,0.0
UG,Uganda,campusbee.ug,8,0,0.0,0.0,0.0,0.0
UG,Uganda,campuser.net,8,0,0.0,0.0,0.0,0.0
UG,Uganda,canna.to,8,0,0.0,0.0,0.0,0.0
UG,Uganda,carafem.org,52,0,0.0,0.0,0.0,0.0
UG,Uganda,carnegieendowment.org,8,0,0.0,0.0,0.0,0.0
UG,Uganda,catbox.moe,24,0,0.0,0.0,0.0,0.0
UG,Uganda,cc.bingj.com,12,0,0.0,0.0,0.0,0.0
UG,Uganda,ccrjustice.org,8,0,0.0,0.0,0.0,0.0
UG,Uganda,cdns.grindr.com,52,0,0.0,0.0,0.0,0.0
UG,Uganda,cdt.org,8,0,0.0,0.0,0.0,0.0
UG,Uganda,censored.tv,12,0,0.0,0.0,0.0,0.0
UG,Uganda,censorship.no,8,0,0.0,0.0,0.0,0.0
UG,Uganda,certbot.eff.org,8,0,0.0,0.0,0.0,0.0
UG,Uganda,chapterfouruganda.com,8,0,0.0,0.0,0.0,0.0
UG,Uganda,chat-gpt.org,32,0,0.0,0.0,0.0,0.0
UG,Uganda,chat.openai.com,24,0,0.0,0.0,0.0,0.0
UG,Uganda,chatgpt.com,32,0,0.0,0.0,0.0,0.0
UG,Uganda,chimpreports.com,12,0,0.0,0.0,0.0,0.0
UG,Uganda,chrome.google.com,8,0,0.0,0.0,0.0,0.0
UG,Uganda,chromewebstore.google.com,24,0,0.0,0.0,0.0,0.0
UG,Uganda,cid.contact,32,0,0.0,0.0,0.0,0.0
UG,Uganda,cinemata.org,28,0,0.0,0.0,0.0,0.0
UG,Uganda,circumcision.org,12,0,0.0,0.0,0.0,0.0
UG,Uganda,citizenlab.ca,8,0,0.0,0.0,0.0,0.0
UG,Uganda,claude.ai,28,0,0.0,0.0,0.0,0.0
UG,Uganda,cloudflare-ech.com,20,0,0.0,0.0,0.0,0.0
UG,Uganda,cocaine.org,12,0,0.0,0.0,0.0,0.0
UG,Uganda,code.org,8,0,0.0,0.0,0.0,0.0
UG,Uganda,codeberg.org,20,0,0.0,0.0,0.0,0.0
UG,Uganda,commons.wikimedia.org,8,0,0.0,0.0,0.0,0.0
UG,Uganda,coronavirus.app,12,0,0.0,0.0,0.0,0.0
UG,Uganda,covidtracking.com,12,0,0.0,0.0,0.0,0.0
UG,Uganda,cpj.org,60,0,0.0,0.0,0.0,0.0
UG,Uganda,credibilitycoalition.org,8,0,0.0,0.0,0.0,0.0
UG,Uganda,crossculturalfoundation.or.ug,8,0,0.0,0.0,0.0,0.0
UG,Uganda,crypt.ee,8,0,0.0,0.0,0.0,0.0
UG,Uganda,cryptome.org,8,0,0.0,0.0,0.0,0.0
UG,Uganda,cryptpad.fr,8,0,0.0,0.0,0.0,0.0
UG,Uganda,cryptpad.org,8,0,0.0,0.0,0.0,0.0
UG,Uganda,csid-online.org,8,0,0.0,0.0,0.0,0.0
UG,Uganda,cyber.harvard.edu,8,0,0.0,0.0,0.0,0.0
UG,Uganda,dartcenter.org,56,0,0.0,0.0,0.0,0.0
UG,Uganda,ddosecrets.com,52,0,0.0,0.0,0.0,0.0
UG,Uganda,de.wikipedia.org,8,0,0.0,0.0,0.0,0.0
UG,Uganda,deepseek.ai,28,0,0.0,0.0,0.0,0.0
UG,Uganda,defendersprotection.org,8,0,0.0,0.0,0.0,0.0
UG,Uganda,delta.chat,12,0,0.0,0.0,0.0,0.0
UG,Uganda,dennismatanda.blogspot.com,8,0,0.0,0.0,0.0,0.0
UG,Uganda,dfiles.eu,8,0,0.0,0.0,0.0,0.0
UG,Uganda,digg.com,8,0,0.0,0.0,0.0,0.0
UG,Uganda,dioceseofnorthernuganda.blogspot.com,8,0,0.0,0.0,0.0,0.0
UG,Uganda,disclose.ngo,8,0,0.0,0.0,0.0,0.0
UG,Uganda,discord.com,40,0,0.0,0.0,0.0,0.0
UG,Uganda,disqus.com,12,0,0.0,0.0,0.0,0.0
UG,Uganda,dit.whatsapp.net,12,0,0.0,0.0,0.0,0.0
UG,Uganda,dl.acm.org,28,0,0.0,0.0,0.0,0.0
UG,Uganda,dlive.tv,20,0,0.0,0.0,0.0,0.0
UG,Uganda,dn42.dev,52,0,0.0,0.0,0.0,0.0
UG,Uganda,dnsviz.net,16,0,0.0,0.0,0.0,0.0
UG,Uganda,docs.google.com,8,0,0.0,0.0,0.0,0.0
UG,Uganda,download.cnet.com,8,0,0.0,0.0,0.0,0.0
UG,Uganda,dpuganda.blogspot.com,8,0,0.0,0.0,0.0,0.0
UG,Uganda,drive.google.com,24,0,0.0,0.0,0.0,0.0
UG,Uganda,duckduckgo.com,12,0,0.0,0.0,0.0,0.0
UG,Uganda,dweb.link,28,0,0.0,0.0,0.0,0.0
UG,Uganda,dying-communist.blogspot.com,8,0,0.0,0.0,0.0,0.0
UG,Uganda,dzen.ru,20,0,0.0,0.0,0.0,0.0
UG,Uganda,ebuddy.com,8,0,0.0,0.0,0.0,0.0
UG,Uganda,edge-chat.instagram.com,8,0,0.0,0.0,0.0,0.0
UG,Uganda,element.io,12,0,0.0,0.0,0.0,0.0
UG,Uganda,elpha.com,8,0,0.0,0.0,0.0,0.0
UG,Uganda,encrypted-tbn0.gstatic.com,12,0,0.0,0.0,0.0,0.0
UG,Uganda,espiv.net,12,0,0.0,0.0,0.0,0.0
UG,Uganda,evernote.com,12,0,0.0,0.0,0.0,0.0
UG,Uganda,experience.arcgis.com,12,0,0.0,0.0,0.0,0.0
UG,Uganda,external-content.duckduckgo.com,12,0,0.0,0.0,0.0,0.0
UG,Uganda,eztv.re,20,0,0.0,0.0,0.0,0.0
UG,Uganda,fdroid.tetaneutral.net,20,0,0.0,0.0,0.0,0.0
UG,Uganda,files.pythonhosted.org,20,0,0.0,0.0,0.0,0.0
UG,Uganda,fondfbr.ru,48,0,0.0,0.0,0.0,0.0
UG,Uganda,foursquare.com,8,0,0.0,0.0,0.0,0.0
UG,Uganda,fronterafundrgv.org,48,0,0.0,0.0,0.0,0.0
UG,Uganda,ftp.fau.de,20,0,0.0,0.0,0.0,0.0
UG,Uganda,gab.com,8,0,0.0,0.0,0.0,0.0
UG,Uganda,gamersclub.gg,16,0,0.0,0.0,0.0,0.0
UG,Uganda,gayuganda.blogspot.com,8,0,0.0,0.0,0.0,0.0
UG,Uganda,gemini.google.com,28,0,0.0,0.0,0.0,0.0
UG,Uganda,genderandaids.unwomen.org,8,0,0.0,0.0,0.0,0.0
UG,Uganda,genderdysphoria.fyi,48,0,0.0,0.0,0.0,0.0
UG,Uganda,geti2p.net,8,0,0.0,0.0,0.0,0.0
UG,Uganda,getintra.org,8,0,0.0,0.0,0.0,0.0
UG,Uganda,getlantern.org,8,0,0.0,0.0,0.0,0.0
UG,Uganda,getoutline.org,8,0,0.0,0.0,0.0,0.0
UG,Uganda,getsession.org,12,0,0.0,0.0,0.0,0.0
UG,Uganda,gettr.com,8,0,0.0,0.0,0.0,0.0
UG,Uganda,gijn.org,48,0,0.0,0.0,0.0,0.0
UG,Uganda,gisanddata.maps.arcgis.com,12,0,0.0,0.0,0.0,0.0
UG,Uganda,github.com,8,0,0.0,0.0,0.0,0.0
UG,Uganda,globalblogagainstaids.blogspot.com,12,0,0.0,0.0,0.0,0.0
UG,Uganda,globalvoices.org,8,0,0.0,0.0,0.0,0.0
UG,Uganda,go-text.me,12,0,0.0,0.0,0.0,0.0
UG,Uganda,googleweblight.com,12,0,0.0,0.0,0.0,0.0
UG,Uganda,gpgtools.org,12,0,0.0,0.0,0.0,0.0
UG,Uganda,grindr.mobi,12,0,0.0,0.0,0.0,0.0
UG,Uganda,groups.google.com,8,0,0.0,0.0,0.0,0.0
UG,Uganda,guardianproject.info,12,0,0.0,0.0,0.0,0.0
UG,Uganda,guardster.com,12,0,0.0,0.0,0.0,0.0
UG,Uganda,help.unhcr.org,12,0,0.0,0.0,0.0,0.0
UG,Uganda,hgis.uw.edu,12,0,0.0,0.0,0.0,0.0
UG,Uganda,hornet.com,12,0,0.0,0.0,0.0,0.0
UG,Uganda,hrlibrary.umn.edu,12,0,0.0,0.0,0.0,0.0
UG,Uganda,hurinet.or.ug,8,0,0.0,0.0,0.0,0.0
UG,Uganda,huripec.mak.ac.ug,8,0,0.0,0.0,0.0,0.0
UG,Uganda,i.instagram.com,8,0,0.0,0.0,0.0,0.0
UG,Uganda,i.pinimg.com,8,0,0.0,0.0,0.0,0.0
UG,Uganda,i2pforum.net,8,0,0.0,0.0,0.0,0.0
UG,Uganda,icq.com,12,0,0.0,0.0,0.0,0.0
UG,Uganda,ifeminists.com,8,0,0.0,0.0,0.0,0.0
UG,Uganda,ij.org,8,0,0.0,0.0,0.0,0.0
UG,Uganda,ikhwanonline.com,8,0,0.0,0.0,0.0,0.0
UG,Uganda,ilga.org,8,0,0.0,0.0,0.0,0.0
UG,Uganda,imageshack.com,12,0,0.0,0.0,0.0,0.0
UG,Uganda,imgur.com,12,0,0.0,0.0,0.0,0.0
UG,Uganda,imo.im,12,0,0.0,0.0,0.0,0.0
UG,Uganda,imp.free.fr,12,0,0.0,0.0,0.0,0.0
UG,Uganda,instagram.fsaw1-13.fna.fbcdn.net,8,0,0.0,0.0,0.0,0.0
UG,Uganda,instinctmagazine.com,8,0,0.0,0.0,0.0,0.0
UG,Uganda,intelligence.weforum.org,20,0,0.0,0.0,0.0,0.0
UG,Uganda,internationalfamilyequalityday.org,8,0,0.0,0.0,0.0,0.0
UG,Uganda,invisiblechildren.com,8,0,0.0,0.0,0.0,0.0
UG,Uganda,ipfs.io,28,0,0.0,0.0,0.0,0.0
UG,Uganda,isa.gov.ly,20,0,0.0,0.0,0.0,0.0
UG,Uganda,itgetsbetter.org,8,0,0.0,0.0,0.0,0.0
UG,Uganda,iyfglobal.org,8,0,0.0,0.0,0.0,0.0
UG,Uganda,joinmastodon.org,8,0,0.0,0.0,0.0,0.0
UG,Uganda,joturl.com,20,0,0.0,0.0,0.0,0.0
UG,Uganda,journals.lww.com,12,0,0.0,0.0,0.0,0.0
UG,Uganda,justassociates.org,48,0,0.0,0.0,0.0,0.0
UG,Uganda,justicewomen.com,8,0,0.0,0.0,0.0,0.0
UG,Uganda,justthepill.com,48,0,0.0,0.0,0.0,0.0
UG,Uganda,kaleidoscopetrust.com,8,0,0.0,0.0,0.0,0.0
UG,Uganda,kampalapost.com,8,0,0.0,0.0,0.0,0.0
UG,Uganda,katcr.to,20,0,0.0,0.0,0.0,0.0
UG,Uganda,katwe.blogspot.com,8,0,0.0,0.0,0.0,0.0
UG,Uganda,kawowo.com,12,0,0.0,0.0,0.0,0.0
UG,Uganda,khilafah.net,48,0,0.0,0.0,0.0,0.0
UG,Uganda,kick.com,32,0,0.0,0.0,0.0,0.0
UG,Uganda,kickasstorrents.to,20,0,0.0,0.0,0.0,0.0
UG,Uganda,killthebilluganda.blogspot.com,8,0,0.0,0.0,0.0,0.0
UG,Uganda,kremlin.ru,20,0,0.0,0.0,0.0,0.0
UG,Uganda,krunker.io,16,0,0.0,0.0,0.0,0.0
UG,Uganda,laborrights.org,8,0,0.0,0.0,0.0,0.0
UG,Uganda,lalgbtcenter.org,8,0,0.0,0.0,0.0,0.0
UG,Uganda,lambdalegal.org,8,0,0.0,0.0,0.0,0.0
UG,Uganda,lbry.com,12,0,0.0,0.0,0.0,0.0
UG,Uganda,lbry.org,12,0,0.0,0.0,0.0,0.0
UG,Uganda,lens.google.com,12,0,0.0,0.0,0.0,0.0
UG,Uganda,leoafricainstitute.org,8,0,0.0,0.0,0.0,0.0
UG,Uganda,lgbt.foundation,8,0,0.0,0.0,0.0,0.0
UG,Uganda,lgbtnewsnow.org,8,0,0.0,0.0,0.0,0.0
UG,Uganda,lgbtqia.space,48,0,0.0,0.0,0.0,0.0
UG,Uganda,limetorrents.pro,20,0,0.0,0.0,0.0,0.0
UG,Uganda,line.me,12,0,0.0,0.0,0.0,0.0
UG,Uganda,livestream.com,12,0,0.0,0.0,0.0,0.0
UG,Uganda,locals.com,8,0,0.0,0.0,0.0,0.0
UG,Uganda,login.live.com,12,0,0.0,0.0,0.0,0.0
UG,Uganda,login.tailscale.com,20,0,0.0,0.0,0.0,0.0
UG,Uganda,lokinet.org,8,0,0.0,0.0,0.0,0.0
UG,Uganda,mail.google.com,12,0,0.0,0.0,0.0,0.0
UG,Uganda,mail.proton.me,28,0,0.0,0.0,0.0,0.0
UG,Uganda,mail.yahoo.com,12,0,0.0,0.0,0.0,0.0
UG,Uganda,mail.yandex.ru,12,0,0.0,0.0,0.0,0.0
UG,Uganda,makeamazonpay.com,8,0,0.0,0.0,0.0,0.0
UG,Uganda,mask-api.icloud.com,8,0,0.0,0.0,0.0,0.0
UG,Uganda,massbrowser.cs.umass.edu,8,0,0.0,0.0,0.0,0.0
UG,Uganda,mastodon.cloud,8,0,0.0,0.0,0.0,0.0
UG,Uganda,mastodon.sdf.org,8,0,0.0,0.0,0.0,0.0
UG,Uganda,mastodon.social,8,0,0.0,0.0,0.0,0.0
UG,Uganda,mastodon.xyz,8,0,0.0,0.0,0.0,0.0
UG,Uganda,matookerepublic.com,8,0,0.0,0.0,0.0,0.0
UG,Uganda,matrix-client.matrix.org,12,0,0.0,0.0,0.0,0.0
UG,Uganda,matrix.org,12,0,0.0,0.0,0.0,0.0
UG,Uganda,matrix.to,12,0,0.0,0.0,0.0,0.0
UG,Uganda,mattermost.com,12,0,0.0,0.0,0.0,0.0
UG,Uganda,mcjl.ug,8,0,0.0,0.0,0.0,0.0
UG,Uganda,media-arn2-1.cdn.whatsapp.net,12,0,0.0,0.0,0.0,0.0
UG,Uganda,media.fevn1-1.fna.whatsapp.net,12,0,0.0,0.0,0.0,0.0
UG,Uganda,meet.jit.si,28,0,0.0,0.0,0.0,0.0
UG,Uganda,mega.io,8,0,0.0,0.0,0.0,0.0
UG,Uganda,mega.nz,8,0,0.0,0.0,0.0,0.0
UG,Uganda,messages.google.com,12,0,0.0,0.0,0.0,0.0
UG,Uganda,microsoftedge.microsoft.com,24,0,0.0,0.0,0.0,0.0
UG,Uganda,minorityrights.org,8,0,0.0,0.0,0.0,0.0
UG,Uganda,mmg.whatsapp.net,12,0,0.0,0.0,0.0,0.0
UG,Uganda,mobile.element.io,12,0,0.0,0.0,0.0,0.0
UG,Uganda,moodle.com,20,0,0.0,0.0,0.0,0.0
UG,Uganda,moodle.org,16,0,0.0,0.0,0.0,0.0
UG,Uganda,msh.org,12,0,0.0,0.0,0.0,0.0
UG,Uganda,mstdn.io,8,0,0.0,0.0,0.0,0.0
UG,Uganda,mstdn.jp,8,0,0.0,0.0,0.0,0.0
UG,Uganda,mullvad.net,8,0,0.0,0.0,0.0,0.0
UG,Uganda,mytrans.com.tw,12,0,0.0,0.0,0.0,0.0
UG,Uganda,nakedchiefs.com,8,0,0.0,0.0,0.0,0.0
UG,Uganda,nation.africa,8,0,0.0,0.0,0.0,0.0
UG,Uganda,ncac.org,8,0,0.0,0.0,0.0,0.0
UG,Uganda,neilalexander.s3.dualstack.eu-west-2.amazonaws.com,48,0,0.0,0.0,0.0,0.0
UG,Uganda,nemtudo.me,16,0,0.0,0.0,0.0,0.0
UG,Uganda,newz.ug,8,0,0.0,0.0,0.0,0.0
UG,Uganda,nextstrain.org,12,0,0.0,0.0,0.0,0.0
UG,Uganda,nilepost.co.ug,8,0,0.0,0.0,0.0,0.0
UG,Uganda,nordvpn.com,8,0,0.0,0.0,0.0,0.0
UG,Uganda,northernugandapost.blogspot.com,8,0,0.0,0.0,0.0,0.0
UG,Uganda,nostr.com,12,0,0.0,0.0,0.0,0.0
UG,Uganda,now.org,8,0,0.0,0.0,0.0,0.0
UG,Uganda,ntc.party,8,0,0.0,0.0,0.0,0.0
UG,Uganda,numun.fund,48,0,0.0,0.0,0.0,0.0
UG,Uganda,obsproject.com,28,0,0.0,0.0,0.0,0.0
UG,Uganda,odysee.com,12,0,0.0,0.0,0.0,0.0
UG,Uganda,ooni.org,8,0,0.0,0.0,0.0,0.0
UG,Uganda,ooni.torproject.org,8,0,0.0,0.0,0.0,0.0
UG,Uganda,openai.com,28,0,0.0,0.0,0.0,0.0
UG,Uganda,opennet.net,12,0,0.0,0.0,0.0,0.0
UG,Uganda,openobservatory.slack.com,12,0,0.0,0.0,0.0,0.0
UG,Uganda,openverse.org,8,0,0.0,0.0,0.0,0.0
UG,Uganda,openvpn.net,12,0,0.0,0.0,0.0,0.0
UG,Uganda,opera.com,12,0,0.0,0.0,0.0,0.0
UG,Uganda,otr.cypherpunks.ca,12,0,0.0,0.0,0.0,0.0
UG,Uganda,ourworldindata.org,52,0,0.0,0.0,0.0,0.0
UG,Uganda,outlook.live.com,12,0,0.0,0.0,0.0,0.0
UG,Uganda,ow.ly,20,0,0.0,0.0,0.0,0.0
UG,Uganda,pbs.twimg.com,8,0,0.0,0.0,0.0,0.0
UG,Uganda,pctechmag.com,12,0,0.0,0.0,0.0,0.0
UG,Uganda,pflag.org,12,0,0.0,0.0,0.0,0.0
UG,Uganda,photos.google.com,12,0,0.0,0.0,0.0,0.0
UG,Uganda,pirateparty.org.au,12,0,0.0,0.0,0.0,0.0
UG,Uganda,pixelfed.social,8,0,0.0,0.0,0.0,0.0
UG,Uganda,plug-mirror.rcac.purdue.edu,24,0,0.0,0.0,0.0,0.0
UG,Uganda,plus.im,8,0,0.0,0.0,0.0,0.0
UG,Uganda,poki.com,16,0,0.0,0.0,0.0,0.0
UG,Uganda,posteo.de,8,0,0.0,0.0,0.0,0.0
UG,Uganda,pps.whatsapp.net,8,0,0.0,0.0,0.0,0.0
UG,Uganda,presearch.org,8,0,0.0,0.0,0.0,0.0
UG,Uganda,preview.redd.it,8,0,0.0,0.0,0.0,0.0
UG,Uganda,pridesource.com,12,0,0.0,0.0,0.0,0.0
UG,Uganda,prism-break.org,52,0,0.0,0.0,0.0,0.0
UG,Uganda,proton.me,12,0,0.0,0.0,0.0,0.0
UG,Uganda,protonvpn.com,12,0,0.0,0.0,0.0,0.0
UG,Uganda,proxify.com,12,0,0.0,0.0,0.0,0.0
UG,Uganda,proxy.org,12,0,0.0,0.0,0.0,0.0
UG,Uganda,proxytools.sourceforge.net,12,0,0.0,0.0,0.0,0.0
UG,Uganda,pt.m.wikipedia.org,8,0,0.0,0.0,0.0,0.0
UG,Uganda,pulse.internetsociety.org,24,0,0.0,0.0,0.0,0.0
UG,Uganda,put.io,8,0,0.0,0.0,0.0,0.0
UG,Uganda,qph.fs.quoracdn.net,8,0,0.0,0.0,0.0,0.0
UG,Uganda,qsbr.fs.quoracdn.net,8,0,0.0,0.0,0.0,0.0
UG,Uganda,queernet-rlp.de,52,0,0.0,0.0,0.0,0.0
UG,Uganda,qz.com,12,0,0.0,0.0,0.0,0.0
UG,Uganda,radiofreel.github.io,52,0,0.0,0.0,0.0,0.0
UG,Uganda,radiofreel.gitlab.io,52,0,0.0,0.0,0.0,0.0
UG,Uganda,radiofreetexas.com,8,0,0.0,0.0,0.0,0.0
UG,Uganda,rargb.to,24,0,0.0,0.0,0.0,0.0
UG,Uganda,redapes.org,20,0,0.0,0.0,0.0,0.0
UG,Uganda,redpeppe.ipower.com,12,0,0.0,0.0,0.0,0.0
UG,Uganda,reliefweb.int,12,0,0.0,0.0,0.0,0.0
UG,Uganda,remailer.paranoici.org,12,0,0.0,0.0,0.0,0.0
UG,Uganda,ren.tv,52,0,0.0,0.0,0.0,0.0
UG,Uganda,replug.io,20,0,0.0,0.0,0.0,0.0
UG,Uganda,reproductiverights.org,12,0,0.0,0.0,0.0,0.0
UG,Uganda,resurj.org,52,0,0.0,0.0,0.0,0.0
UG,Uganda,riseup.net,12,0,0.0,0.0,0.0,0.0
UG,Uganda,root-key-sentinel-is-ta-20326.d2a8n3.rootcanary.net,16,0,0.0,0.0,0.0,0.0
UG,Uganda,root-key-sentinel-is-ta-38696.d2a8n3.rootcanary.net,16,0,0.0,0.0,0.0,0.0
UG,Uganda,rsf.org,12,0,0.0,0.0,0.0,0.0
UG,Uganda,rtr-planeta.com,52,0,0.0,0.0,0.0,0.0
UG,Uganda,ru.wikipedia.org,8,0,0.0,0.0,0.0,0.0
UG,Uganda,rumble.com,28,0,0.0,0.0,0.0,0.0
UG,Uganda,rutube.ru,20,0,0.0,0.0,0.0,0.0
UG,Uganda,s.gr-assets.com,8,0,0.0,0.0,0.0,0.0
UG,Uganda,s.pinimg.com,8,0,0.0,0.0,0.0,0.0
UG,Uganda,safeabortionpill.org,52,0,0.0,0.0,0.0,0.0
UG,Uganda,safeabortionpills.com,52,0,0.0,0.0,0.0,0.0
UG,Uganda,safervpn.com,12,0,0.0,0.0,0.0,0.0
UG,Uganda,sakhr.com,8,0,0.0,0.0,0.0,0.0
UG,Uganda,sandbox.cryptpad.info,12,0,0.0,0.0,0.0,0.0
UG,Uganda,savefrom.net,8,0,0.0,0.0,0.0,0.0
UG,Uganda,scontent-ams4-1.cdninstagram.com,8,0,0.0,0.0,0.0,0.0
UG,Uganda,scontent-vie1-1.cdninstagram.com,8,0,0.0,0.0,0.0,0.0
UG,Uganda,scontent.cdninstagram.com,8,0,0.0,0.0,0.0,0.0
UG,Uganda,search.aol.com,8,0,0.0,0.0,0.0,0.0
UG,Uganda,search.brave.com,8,0,0.0,0.0,0.0,0.0
UG,Uganda,secondlife.com,8,0,0.0,0.0,0.0,0.0
UG,Uganda,secure.avaaz.org,8,0,0.0,0.0,0.0,0.0
UG,Uganda,securevpn.com,8,0,0.0,0.0,0.0,0.0
UG,Uganda,securevpn.im,8,0,0.0,0.0,0.0,0.0
UG,Uganda,shadowsocks.org,8,0,0.0,0.0,0.0,0.0
UG,Uganda,short.io,20,0,0.0,0.0,0.0,0.0
UG,Uganda,signal.org,16,0,0.0,0.0,0.0,0.0
UG,Uganda,simple.wikipedia.org,8,0,0.0,0.0,0.0,0.0
UG,Uganda,simplex.chat,28,0,0.0,0.0,0.0,0.0
UG,Uganda,skiff.com,8,0,0.0,0.0,0.0,0.0
UG,Uganda,slack-imgs.com,8,0,0.0,0.0,0.0,0.0
UG,Uganda,slack.com,8,0,0.0,0.0,0.0,0.0
UG,Uganda,smotrim.ru,52,0,0.0,0.0,0.0,0.0
UG,Uganda,soundcloud.com,8,0,0.0,0.0,0.0,0.0
UG,Uganda,sourceforge.net,12,0,0.0,0.0,0.0,0.0
UG,Uganda,southfeministfutures.org,52,0,0.0,0.0,0.0,0.0
UG,Uganda,speedify.com,8,0,0.0,0.0,0.0,0.0
UG,Uganda,spideroak.com,8,0,0.0,0.0,0.0,0.0
UG,Uganda,sputnikglobe.com,52,0,0.0,0.0,0.0,0.0
UG,Uganda,sputniknews.cn,8,0,0.0,0.0,0.0,0.0
UG,Uganda,spys.one,8,0,0.0,0.0,0.0,0.0
UG,Uganda,ssd.eff.org,52,0,0.0,0.0,0.0,0.0
UG,Uganda,st1.zoom.us,8,0,0.0,0.0,0.0,0.0
UG,Uganda,standardnotes.com,8,0,0.0,0.0,0.0,0.0
UG,Uganda,startpage.com,8,0,0.0,0.0,0.0,0.0
UG,Uganda,static.cdninstagram.com,8,0,0.0,0.0,0.0,0.0
UG,Uganda,status.im,8,0,0.0,0.0,0.0,0.0
UG,Uganda,store.epicgames.com,16,0,0.0,0.0,0.0,0.0
UG,Uganda,storymaps.arcgis.com,8,0,0.0,0.0,0.0,0.0
UG,Uganda,styles.redditmedia.com,8,0,0.0,0.0,0.0,0.0
UG,Uganda,support.therapytribe.com,8,0,0.0,0.0,0.0,0.0
UG,Uganda,t.me,8,0,0.0,0.0,0.0,0.0
UG,Uganda,teams.microsoft.com,8,0,0.0,0.0,0.0,0.0
UG,Uganda,telegram.me,8,0,0.0,0.0,0.0,0.0
UG,Uganda,test-ipv6.com,24,0,0.0,0.0,0.0,0.0
UG,Uganda,th.bing.com,8,0,0.0,0.0,0.0,0.0
UG,Uganda,thereisnoearthb.org,20,0,0.0,0.0,0.0,0.0
UG,Uganda,tigerweb.ru,16,0,0.0,0.0,0.0,0.0
UG,Uganda,tinder.com,8,0,0.0,0.0,0.0,0.0
UG,Uganda,tiny.cc,20,0,0.0,0.0,0.0,0.0
UG,Uganda,tlauncher.org,16,0,0.0,0.0,0.0,0.0
UG,Uganda,toolbox.googleapps.com,16,0,0.0,0.0,0.0,0.0
UG,Uganda,totaljerkface.com,16,0,0.0,0.0,0.0,0.0
UG,Uganda,transfemscience.org,48,0,0.0,0.0,0.0,0.0
UG,Uganda,translate.google.com,8,0,0.0,0.0,0.0,0.0
UG,Uganda,translation2.paralink.com,8,0,0.0,0.0,0.0,0.0
UG,Uganda,transparencyreport.google.com,8,0,0.0,0.0,0.0,0.0
UG,Uganda,trello.com,8,0,0.0,0.0,0.0,0.0
UG,Uganda,trisquel.info,16,0,0.0,0.0,0.0,0.0
UG,Uganda,tse1.explicit.bing.net,8,0,0.0,0.0,0.0,0.0
UG,Uganda,tuta.com,8,0,0.0,0.0,0.0,0.0
UG,Uganda,tx.me,8,0,0.0,0.0,0.0,0.0
UG,Uganda,uea.org,20,0,0.0,0.0,0.0,0.0
UG,Uganda,ugandaforums.com,8,0,0.0,0.0,0.0,0.0
UG,Uganda,ugandaletsgotravel.com,8,0,0.0,0.0,0.0,0.0
UG,Uganda,ugandansatheart.org,8,0,0.0,0.0,0.0,0.0
UG,Uganda,ugandaradionetwork.com,8,0,0.0,0.0,0.0,0.0
UG,Uganda,ugpulse.com,12,0,0.0,0.0,0.0,0.0
UG,Uganda,unredacted.org,48,0,0.0,0.0,0.0,0.0
UG,Uganda,untappd.com,8,0,0.0,0.0,0.0,0.0
UG,Uganda,upload.twitter.com,8,0,0.0,0.0,0.0,0.0
UG,Uganda,urgentactionfund.org,48,0,0.0,0.0,0.0,0.0
UG,Uganda,vector.im,8,0,0.0,0.0,0.0,0.0
UG,Uganda,vgtrk.ru,44,0,0.0,0.0,0.0,0.0
UG,Uganda,video-preview.s3.yandex.net,8,0,0.0,0.0,0.0,0.0
UG,Uganda,video.cdninstagram.com,8,0,0.0,0.0,0.0,0.0
UG,Uganda,video.twimg.com,8,0,0.0,0.0,0.0,0.0
UG,Uganda,vimeo.com,12,0,0.0,0.0,0.0,0.0
UG,Uganda,vk.com,8,0,0.0,0.0,0.0,0.0
UG,Uganda,vuejs.org,48,0,0.0,0.0,0.0,0.0
UG,Uganda,we.riseup.net,20,0,0.0,0.0,0.0,0.0
UG,Uganda,web.wechat.com,8,0,0.0,0.0,0.0,0.0
UG,Uganda,webcache.googleusercontent.com,8,0,0.0,0.0,0.0,0.0
UG,Uganda,weibo.com,8,0,0.0,0.0,0.0,0.0
UG,Uganda,wire.com,8,0,0.0,0.0,0.0,0.0
UG,Uganda,womenhelp.org,48,0,0.0,0.0,0.0,0.0
UG,Uganda,worldhealth.net,8,0,0.0,0.0,0.0,0.0
UG,Uganda,wwf.panda.org,8,0,0.0,0.0,0.0,0.0
UG,Uganda,www.404media.co,48,0,0.0,0.0,0.0,0.0
UG,Uganda,www.4chan.org,8,0,0.0,0.0,0.0,0.0
UG,Uganda,www.abortoinfosegura.com,20,0,0.0,0.0,0.0,0.0
UG,Uganda,www.aboutuganda.com,8,0,0.0,0.0,0.0,0.0
UG,Uganda,www.albertinewatchdog.org,8,0,0.0,0.0,0.0,0.0
UG,Uganda,www.alhurra.com,48,0,0.0,0.0,0.0,0.0
UG,Uganda,www.allmale.com,8,0,0.0,0.0,0.0,0.0
UG,Uganda,www.amamambabazi.com,8,0,0.0,0.0,0.0,0.0
UG,Uganda,www.amnesty.org,8,0,0.0,0.0,0.0,0.0
UG,Uganda,www.amnestyusa.org,8,0,0.0,0.0,0.0,0.0
UG,Uganda,www.ananzi.co.za,8,0,0.0,0.0,0.0,0.0
UG,Uganda,www.anonymizer.ru,8,0,0.0,0.0,0.0,0.0
UG,Uganda,www.anonymsurfen.com,8,0,0.0,0.0,0.0,0.0
UG,Uganda,www.apple.com,8,0,0.0,0.0,0.0,0.0
UG,Uganda,www.apt.ch,8,0,0.0,0.0,0.0,0.0
UG,Uganda,www.article19.org,8,0,0.0,0.0,0.0,0.0
UG,Uganda,www.ask.com,8,0,0.0,0.0,0.0,0.0
UG,Uganda,www.asterisk.org,8,0,0.0,0.0,0.0,0.0
UG,Uganda,www.awid.org,8,0,0.0,0.0,0.0,0.0
UG,Uganda,www.babbel.com,16,0,0.0,0.0,0.0,0.0
UG,Uganda,www.baidu.com,8,0,0.0,0.0,0.0,0.0
UG,Uganda,www.benarnews.org,48,0,0.0,0.0,0.0,0.0
UG,Uganda,www.bicommunitynews.co.uk,12,0,0.0,0.0,0.0,0.0
UG,Uganda,www.bing.com,8,0,0.0,0.0,0.0,0.0
UG,Uganda,www.bitchute.com,8,0,0.0,0.0,0.0,0.0
UG,Uganda,www.bitmask.net,44,0,0.0,0.0,0.0,0.0
UG,Uganda,www.bittorrent.com,8,0,0.0,0.0,0.0,0.0
UG,Uganda,www.bl.ink,20,0,0.0,0.0,0.0,0.0
UG,Uganda,www.blackberry.com,8,0,0.0,0.0,0.0,0.0
UG,Uganda,www.bnaibrith.org,16,0,0.0,0.0,0.0,0.0
UG,Uganda,www.broadvoice.com,8,0,0.0,0.0,0.0,0.0
UG,Uganda,www.brookings.edu,16,0,0.0,0.0,0.0,0.0
UG,Uganda,www.btselem.org,16,0,0.0,0.0,0.0,0.0
UG,Uganda,www.business-humanrights.org,16,0,0.0,0.0,0.0,0.0
UG,Uganda,www.buzzfeed.com,44,0,0.0,0.0,0.0,0.0
UG,Uganda,www.caritas.org,16,0,0.0,0.0,0.0,0.0
UG,Uganda,www.cartercenter.org,16,0,0.0,0.0,0.0,0.0
UG,Uganda,www.cbc.ca,8,0,0.0,0.0,0.0,0.0
UG,Uganda,www.cbsnews.com,8,0,0.0,0.0,0.0,0.0
UG,Uganda,www.ceo.co.ug,16,0,0.0,0.0,0.0,0.0
UG,Uganda,www.cesr.org,16,0,0.0,0.0,0.0,0.0
UG,Uganda,www.cfr.org,16,0,0.0,0.0,0.0,0.0
UG,Uganda,www.change.org,16,0,0.0,0.0,0.0,0.0
UG,Uganda,www.child-soldier.org,16,0,0.0,0.0,0.0,0.0
UG,Uganda,www.chinadaily.com.cn,8,0,0.0,0.0,0.0,0.0
UG,Uganda,www.chinatimes.com,8,0,0.0,0.0,0.0,0.0
UG,Uganda,www.chromium.org,16,0,0.0,0.0,0.0,0.0
UG,Uganda,www.cipesa.org,16,0,0.0,0.0,0.0,0.0
UG,Uganda,www.clintonfoundation.org,16,0,0.0,0.0,0.0,0.0
UG,Uganda,www.clubhouse.com,8,0,0.0,0.0,0.0,0.0
UG,Uganda,www.clubhouseapi.com,12,0,0.0,0.0,0.0,0.0
UG,Uganda,www.cnbc.com,48,0,0.0,0.0,0.0,0.0
UG,Uganda,www.coolmathgames.com,16,0,0.0,0.0,0.0,0.0
UG,Uganda,www.cpj.org,16,0,0.0,0.0,0.0,0.0
UG,Uganda,www.crisisgroup.org,32,0,0.0,0.0,0.0,0.0
UG,Uganda,www.csmonitor.com,8,0,0.0,0.0,0.0,0.0
UG,Uganda,www.currenttime.tv,48,0,0.0,0.0,0.0,0.0
UG,Uganda,www.cwgl.rutgers.edu,16,0,0.0,0.0,0.0,0.0
UG,Uganda,www.dailymaverick.co.za,16,0,0.0,0.0,0.0,0.0
UG,Uganda,www.dailysabah.com,8,0,0.0,0.0,0.0,0.0
UG,Uganda,www.dailywire.com,8,0,0.0,0.0,0.0,0.0
UG,Uganda,www.dd-rd.ca,16,0,0.0,0.0,0.0,0.0
UG,Uganda,www.deepseek.com,24,0,0.0,0.0,0.0,0.0
UG,Uganda,www.democracycaucus.net,16,0,0.0,0.0,0.0,0.0
UG,Uganda,www.democracynow.org,8,0,0.0,0.0,0.0,0.0
UG,Uganda,www.derechos.org,16,0,0.0,0.0,0.0,0.0
UG,Uganda,www.disabilityrightsfund.org,48,0,0.0,0.0,0.0,0.0
UG,Uganda,www.dit-inc.us,16,0,0.0,0.0,0.0,0.0
UG,Uganda,www.dopplr.com,8,0,0.0,0.0,0.0,0.0
UG,Uganda,www.doriafeministfund.org,48,0,0.0,0.0,0.0,0.0
UG,Uganda,www.drudgereport.com,8,0,0.0,0.0,0.0,0.0
UG,Uganda,www.dw.com,8,0,0.0,0.0,0.0,0.0
UG,Uganda,www.ecequality.org,16,0,0.0,0.0,0.0,0.0
UG,Uganda,www.echr.coe.int,16,0,0.0,0.0,0.0,0.0
UG,Uganda,www.economist.com,8,0,0.0,0.0,0.0,0.0
UG,Uganda,www.eff.org,16,0,0.0,0.0,0.0,0.0
UG,Uganda,www.eluniversal.com,8,0,0.0,0.0,0.0,0.0
UG,Uganda,www.enoughproject.org,16,0,0.0,0.0,0.0,0.0
UG,Uganda,www.eurobicon.org,16,0,0.0,0.0,0.0,0.0
UG,Uganda,www.euronews.com,48,0,0.0,0.0,0.0,0.0
UG,Uganda,www.exgay.com,16,0,0.0,0.0,0.0,0.0
UG,Uganda,www.f-secure.com,16,0,0.0,0.0,0.0,0.0
UG,Uganda,www.familyequality.org,16,0,0.0,0.0,0.0,0.0
UG,Uganda,www.faweuganda.org,16,0,0.0,0.0,0.0,0.0
UG,Uganda,www.federo.com,16,0,0.0,0.0,0.0,0.0
UG,Uganda,www.feministfrequency.com,48,0,0.0,0.0,0.0,0.0
UG,Uganda,www.fhri.or.ug,16,0,0.0,0.0,0.0,0.0
UG,Uganda,www.fidh.org,16,0,0.0,0.0,0.0,0.0
UG,Uganda,www.fondationdefrance.org,16,0,0.0,0.0,0.0,0.0
UG,Uganda,www.forbes.com,48,0,0.0,0.0,0.0,0.0
UG,Uganda,www.fordfoundation.org,48,0,0.0,0.0,0.0,0.0
UG,Uganda,www.forum18.org,48,0,0.0,0.0,0.0,0.0
UG,Uganda,www.foxnews.com,8,0,0.0,0.0,0.0,0.0
UG,Uganda,www.france24.com,16,0,0.0,0.0,0.0,0.0
UG,Uganda,www.francemediasmonde.com,8,0,0.0,0.0,0.0,0.0
UG,Uganda,www.freedominfo.org,16,0,0.0,0.0,0.0,0.0
UG,Uganda,www.freeexpression.org,8,0,0.0,0.0,0.0,0.0
UG,Uganda,www.freespeech.com,16,0,0.0,0.0,0.0,0.0
UG,Uganda,www.freespeechcoalition.com,16,0,0.0,0.0,0.0,0.0
UG,Uganda,www.frontlinedefenders.org,16,0,0.0,0.0,0.0,0.0
UG,Uganda,www.fsb.ru,20,0,0.0,0.0,0.0,0.0
UG,Uganda,www.fsf.org,20,0,0.0,0.0,0.0,0.0
UG,Uganda,www.ftchinese.com,8,0,0.0,0.0,0.0,0.0
UG,Uganda,www.g5.com,16,0,0.0,0.0,0.0,0.0
UG,Uganda,www.gayegypt.com,16,0,0.0,0.0,0.0,0.0
UG,Uganda,www.gayscape.com,16,0,0.0,0.0,0.0,0.0
UG,Uganda,www.gaystarnews.com,16,0,0.0,0.0,0.0,0.0
UG,Uganda,www.gazprombank.ru,16,0,0.0,0.0,0.0,0.0
UG,Uganda,www.gearthblog.com,8,0,0.0,0.0,0.0,0.0
UG,Uganda,www.getoutline.org,16,0,0.0,0.0,0.0,0.0
UG,Uganda,www.girlsnotbrides.org,48,0,0.0,0.0,0.0,0.0
UG,Uganda,www.glaad.org,16,0,0.0,0.0,0.0,0.0
UG,Uganda,www.glbtqarchive.com,16,0,0.0,0.0,0.0,0.0
UG,Uganda,www.globaleaks.org,16,0,0.0,0.0,0.0,0.0
UG,Uganda,www.globalgiving.org,16,0,0.0,0.0,0.0,0.0
UG,Uganda,www.globalr2p.org,16,0,0.0,0.0,0.0,0.0
UG,Uganda,www.glsen.org,16,0,0.0,0.0,0.0,0.0
UG,Uganda,www.gmhc.org,16,0,0.0,0.0,0.0,0.0
UG,Uganda,www.gnu.org,16,0,0.0,0.0,0.0,0.0
UG,Uganda,www.gnupg.org,16,0,0.0,0.0,0.0,0.0
UG,Uganda,www.gog.com,16,0,0.0,0.0,0.0,0.0
UG,Uganda,www.guerrillagirls.com,16,0,0.0,0.0,0.0,0.0
UG,Uganda,www.haaretz.com,8,0,0.0,0.0,0.0,0.0
UG,Uganda,www.heritage.org,20,0,0.0,0.0,0.0,0.0
UG,Uganda,www.hinduvoice.co.uk,8,0,0.0,0.0,0.0,0.0
UG,Uganda,www.hrc.org,20,0,0.0,0.0,0.0,0.0
UG,Uganda,www.hrcug.org,20,0,0.0,0.0,0.0,0.0
UG,Uganda,www.http-tunnel.com,20,0,0.0,0.0,0.0,0.0
UG,Uganda,www.humanrightsconnected.org,20,0,0.0,0.0,0.0,0.0
UG,Uganda,www.humanrightsfirst.org,20,0,0.0,0.0,0.0,0.0
UG,Uganda,www.iaffe.org,24,0,0.0,0.0,0.0,0.0
UG,Uganda,www.iaru.org,20,0,0.0,0.0,0.0,0.0
UG,Uganda,www.icc-cpi.int,20,0,0.0,0.0,0.0,0.0
UG,Uganda,www.icij.org,8,0,0.0,0.0,0.0,0.0
UG,Uganda,www.icj.org,32,0,0.0,0.0,0.0,0.0
UG,Uganda,www.icrw.org,20,0,0.0,0.0,0.0,0.0
UG,Uganda,www.ict4democracy.org,16,0,0.0,0.0,0.0,0.0
UG,Uganda,www.ictj.org,16,0,0.0,0.0,0.0,0.0
UG,Uganda,www.ifex.org,20,0,0.0,0.0,0.0,0.0
UG,Uganda,www.ifge.org,20,0,0.0,0.0,0.0,0.0
UG,Uganda,www.ifj.org,20,0,0.0,0.0,0.0,0.0
UG,Uganda,www.ihrc.org.uk,20,0,0.0,0.0,0.0,0.0
UG,Uganda,www.ijm.org,20,0,0.0,0.0,0.0,0.0
UG,Uganda,www.iknowpolitics.org,44,0,0.0,0.0,0.0,0.0
UG,Uganda,www.ilga-europe.org,20,0,0.0,0.0,0.0,0.0
UG,Uganda,www.indiatimes.com,20,0,0.0,0.0,0.0,0.0
UG,Uganda,www.infomigrants.net,20,0,0.0,0.0,0.0,0.0
UG,Uganda,www.infowars.com,12,0,0.0,0.0,0.0,0.0
UG,Uganda,www.inminds.co.uk,20,0,0.0,0.0,0.0,0.0
UG,Uganda,www.internetsociety.org,16,0,0.0,0.0,0.0,0.0
UG,Uganda,www.ipetitions.com,20,0,0.0,0.0,0.0,0.0
UG,Uganda,www.irinnews.org,16,0,0.0,0.0,0.0,0.0
UG,Uganda,www.irna.ir,8,0,0.0,0.0,0.0,0.0
UG,Uganda,www.isiswomen.org,16,0,0.0,0.0,0.0,0.0
UG,Uganda,www.iwraw-ap.org,40,0,0.0,0.0,0.0,0.0
UG,Uganda,www.jabber.ru,24,0,0.0,0.0,0.0,0.0
UG,Uganda,www.jhr.ca,16,0,0.0,0.0,0.0,0.0
UG,Uganda,www.jmarshall.com,32,0,0.0,0.0,0.0,0.0
UG,Uganda,www.jw.org,20,0,0.0,0.0,0.0,0.0
UG,Uganda,www.kas.de,16,0,0.0,0.0,0.0,0.0
UG,Uganda,www.kcna.kp,8,0,0.0,0.0,0.0,0.0
UG,Uganda,www.khanacademy.org,20,0,0.0,0.0,0.0,0.0
UG,Uganda,www.khilafah.com,16,0,0.0,0.0,0.0,0.0
UG,Uganda,www.khrp.org,16,0,0.0,0.0,0.0,0.0
UG,Uganda,www.knapsackforhope.org,16,0,0.0,0.0,0.0,0.0
UG,Uganda,www.kuchutimes.com,16,0,0.0,0.0,0.0,0.0
UG,Uganda,www.kulanu.org,16,0,0.0,0.0,0.0,0.0
UG,Uganda,www.laborrightsnow.org,16,0,0.0,0.0,0.0,0.0
UG,Uganda,www.lanacion.com.ar,8,0,0.0,0.0,0.0,0.0
UG,Uganda,www.laquadrature.net,40,0,0.0,0.0,0.0,0.0
UG,Uganda,www.lastwar.com,16,0,0.0,0.0,0.0,0.0
UG,Uganda,www.lds.org,12,0,0.0,0.0,0.0,0.0
UG,Uganda,www.learningpartnership.org,12,0,0.0,0.0,0.0,0.0
UG,Uganda,www.lgbtqnation.com,12,0,0.0,0.0,0.0,0.0
UG,Uganda,www.lilithfund.org,40,0,0.0,0.0,0.0,0.0
UG,Uganda,www.limetorrents.lol,20,0,0.0,0.0,0.0,0.0
UG,Uganda,www.logmein.com,12,0,0.0,0.0,0.0,0.0
UG,Uganda,www.mail-archive.com,12,0,0.0,0.0,0.0,0.0
UG,Uganda,www.mamacash.org,40,0,0.0,0.0,0.0,0.0
UG,Uganda,www.martus.org,12,0,0.0,0.0,0.0,0.0
UG,Uganda,www.mask.org.za,12,0,0.0,0.0,0.0,0.0
UG,Uganda,www.minecraft.net,16,0,0.0,0.0,0.0,0.0
UG,Uganda,www.mormon.org,12,0,0.0,0.0,0.0,0.0
UG,Uganda,www.msichoices.org,40,0,0.0,0.0,0.0,0.0
UG,Uganda,www.musalaha.org,40,0,0.0,0.0,0.0,0.0
UG,Uganda,www.nabj.org,12,0,0.0,0.0,0.0,0.0
UG,Uganda,www.namecoin.org,12,0,0.0,0.0,0.0,0.0
UG,Uganda,www.naral.org,12,0,0.0,0.0,0.0,0.0
UG,Uganda,www.nbcnewyork.com,12,0,0.0,0.0,0.0,0.0
UG,Uganda,www.nclrights.org,8,0,0.0,0.0,0.0,0.0
UG,Uganda,www.ndi.org,12,0,0.0,0.0,0.0,0.0
UG,Uganda,www.ned.org,12,0,0.0,0.0,0.0,0.0
UG,Uganda,www.netaddress.com,8,0,0.0,0.0,0.0,0.0
UG,Uganda,www.newnownext.com,24,0,0.0,0.0,0.0,0.0
UG,Uganda,www.newvision.co.ug,12,0,0.0,0.0,0.0,0.0
UG,Uganda,www.nifty.org,12,0,0.0,0.0,0.0,0.0
UG,Uganda,www.njal.la,36,0,0.0,0.0,0.0,0.0
UG,Uganda,www.nostraightnews.com,12,0,0.0,0.0,0.0,0.0
UG,Uganda,www.npr.org,36,0,0.0,0.0,0.0,0.0
UG,Uganda,www.ntv.ru,36,0,0.0,0.0,0.0,0.0
UG,Uganda,www.nwci.ie,36,0,0.0,0.0,0.0,0.0
UG,Uganda,www.oas.org,12,0,0.0,0.0,0.0,0.0
UG,Uganda,www.occrp.org,12,0,0.0,0.0,0.0,0.0
UG,Uganda,www.ohchr.org,12,0,0.0,0.0,0.0,0.0
UG,Uganda,www.olpa-rdc.org,12,0,0.0,0.0,0.0,0.0
UG,Uganda,www.omct.org,24,0,0.0,0.0,0.0,0.0
UG,Uganda,www.oneworld.net,12,0,0.0,0.0,0.0,0.0
UG,Uganda,www.opendns.com,12,0,0.0,0.0,0.0,0.0
UG,Uganda,www.openpgp.org,12,0,0.0,0.0,0.0,0.0
UG,Uganda,www.opensocietyfoundations.org,12,0,0.0,0.0,0.0,0.0
UG,Uganda,www.openstreetmap.org,24,0,0.0,0.0,0.0,0.0
UG,Uganda,www.opentech.fund,12,0,0.0,0.0,0.0,0.0
UG,Uganda,www.ou.org,12,0,0.0,0.0,0.0,0.0
UG,Uganda,www.out.com,12,0,0.0,0.0,0.0,0.0
UG,Uganda,www.pcusa.org,12,0,0.0,0.0,0.0,0.0
UG,Uganda,www.peacefire.org,12,0,0.0,0.0,0.0,0.0
UG,Uganda,www.perplexity.ai,28,0,0.0,0.0,0.0,0.0
UG,Uganda,www.phpmyadmin.net,36,0,0.0,0.0,0.0,0.0
UG,Uganda,www.pinkcupid.com,12,0,0.0,0.0,0.0,0.0
UG,Uganda,www.piratenpartei.ch,12,0,0.0,0.0,0.0,0.0
UG,Uganda,www.piratpartiet.se,12,0,0.0,0.0,0.0,0.0
UG,Uganda,www.plancpills.org,36,0,0.0,0.0,0.0,0.0
UG,Uganda,www.planetromeo.com,12,0,0.0,0.0,0.0,0.0
UG,Uganda,www.playstation.com,16,0,0.0,0.0,0.0,0.0
UG,Uganda,www.pmldaily.com,12,0,0.0,0.0,0.0,0.0
UG,Uganda,www.pravda.ru,12,0,0.0,0.0,0.0,0.0
UG,Uganda,www.pridemedia.com,12,0,0.0,0.0,0.0,0.0
UG,Uganda,www.privacidade.digital,36,0,0.0,0.0,0.0,0.0
UG,Uganda,www.privacyinternational.org,12,0,0.0,0.0,0.0,0.0
UG,Uganda,www.privacytools.io,12,0,0.0,0.0,0.0,0.0
UG,Uganda,www.privaterra.org,12,0,0.0,0.0,0.0,0.0
UG,Uganda,www.propublica.org,36,0,0.0,0.0,0.0,0.0
UG,Uganda,www.protectioninternational.org,8,0,0.0,0.0,0.0,0.0
UG,Uganda,www.protest.net,12,0,0.0,0.0,0.0,0.0
UG,Uganda,www.purevpn.com,8,0,0.0,0.0,0.0,0.0
UG,Uganda,www.queerty.com,8,0,0.0,0.0,0.0,0.0
UG,Uganda,www.radicalparty.org,8,0,0.0,0.0,0.0,0.0
UG,Uganda,www.ran.org,8,0,0.0,0.0,0.0,0.0
UG,Uganda,www.rawa.org,36,0,0.0,0.0,0.0,0.0
UG,Uganda,www.realjock.com,8,0,0.0,0.0,0.0,0.0
UG,Uganda,www.rebrandly.com,20,0,0.0,0.0,0.0,0.0
UG,Uganda,www.refugeelawproject.org,8,0,0.0,0.0,0.0,0.0
UG,Uganda,www.refugeesinternational.org,8,0,0.0,0.0,0.0,0.0
UG,Uganda,www.reprouncensored.org,20,0,0.0,0.0,0.0,0.0
UG,Uganda,www.rescue.org,8,0,0.0,0.0,0.0,0.0
UG,Uganda,www.resourcematters.org,20,0,0.0,0.0,0.0,0.0
UG,Uganda,www.rfa.org,8,0,0.0,0.0,0.0,0.0
UG,Uganda,www.rfi.fr,8,0,0.0,0.0,0.0,0.0
UG,Uganda,www.righttodie.ca,8,0,0.0,0.0,0.0,0.0
UG,Uganda,www.roblox.com,16,0,0.0,0.0,0.0,0.0
UG,Uganda,www.rtarabic.com,36,0,0.0,0.0,0.0,0.0
UG,Uganda,www.salvationarmy.org,20,0,0.0,0.0,0.0,0.0
UG,Uganda,www.samesexmarriage.ca,8,0,0.0,0.0,0.0,0.0
UG,Uganda,www.savethechildren.net,8,0,0.0,0.0,0.0,0.0
UG,Uganda,www.scmp.com,8,0,0.0,0.0,0.0,0.0
UG,Uganda,www.scruff.com,8,0,0.0,0.0,0.0,0.0
UG,Uganda,www.securityinabox.org,8,0,0.0,0.0,0.0,0.0
UG,Uganda,www.sexandu.ca,8,0,0.0,0.0,0.0,0.0
UG,Uganda,www.snapchat.com,12,0,0.0,0.0,0.0,0.0
UG,Uganda,www.softpower.ug,8,0,0.0,0.0,0.0,0.0
UG,Uganda,www.spellingbee.ug,8,0,0.0,0.0,0.0,0.0
UG,Uganda,www.splmtoday.com,8,0,0.0,0.0,0.0,0.0
UG,Uganda,www.starlink.com,8,0,0.0,0.0,0.0,0.0
UG,Uganda,www.statehouse.go.ug,8,0,0.0,0.0,0.0,0.0
UG,Uganda,www.stonewall.org.uk,8,0,0.0,0.0,0.0,0.0
UG,Uganda,www.stopstreetharassment.org,8,0,0.0,0.0,0.0,0.0
UG,Uganda,www.struggle.ws,8,0,0.0,0.0,0.0,0.0
UG,Uganda,www.surfeasy.com,36,0,0.0,0.0,0.0,0.0
UG,Uganda,www.teafund.org,36,0,0.0,0.0,0.0,0.0
UG,Uganda,www.techlore.tech,36,0,0.0,0.0,0.0,0.0
UG,Uganda,www.terredeshommes.nl,8,0,0.0,0.0,0.0,0.0
UG,Uganda,www.theafricareport.com,12,0,0.0,0.0,0.0,0.0
UG,Uganda,www.theeastafrican.co.ke,16,0,0.0,0.0,0.0,0.0
UG,Uganda,www.theelephant.info,8,0,0.0,0.0,0.0,0.0
UG,Uganda,www.theguardian.com,12,0,0.0,0.0,0.0,0.0
UG,Uganda,www.theinsider.ug,8,0,0.0,0.0,0.0,0.0
UG,Uganda,www.thenewhumanitarian.org,8,0,0.0,0.0,0.0,0.0
UG,Uganda,www.thetrevorproject.org,8,0,0.0,0.0,0.0,0.0
UG,Uganda,www.tialsoft.com,8,0,0.0,0.0,0.0,0.0
UG,Uganda,www.tiktok.com,40,0,0.0,0.0,0.0,0.0
UG,Uganda,www.timeout.com,20,0,0.0,0.0,0.0,0.0
UG,Uganda,www.tiuganda.org,8,0,0.0,0.0,0.0,0.0
UG,Uganda,www.towleroad.com,8,0,0.0,0.0,0.0,0.0
UG,Uganda,www.transgendermap.com,8,0,0.0,0.0,0.0,0.0
UG,Uganda,www.transparency.org,8,0,0.0,0.0,0.0,0.0
UG,Uganda,www.tunnelbear.com,8,0,0.0,0.0,0.0,0.0
UG,Uganda,www.u4.no,8,0,0.0,0.0,0.0,0.0
UG,Uganda,www.uls.or.ug,8,0,0.0,0.0,0.0,0.0
UG,Uganda,www.ultimate-anonymity.com,8,0,0.0,0.0,0.0,0.0
UG,Uganda,www.unfe.org,8,0,0.0,0.0,0.0,0.0
UG,Uganda,www.unfpa.org,8,0,0.0,0.0,0.0,0.0
UG,Uganda,www.unhcr.org,8,0,0.0,0.0,0.0,0.0
UG,Uganda,www.unicef.org,8,0,0.0,0.0,0.0,0.0
UG,Uganda,www.uproxy.org,8,0,0.0,0.0,0.0,0.0
UG,Uganda,www.vday.org,8,0,0.0,0.0,0.0,0.0
UG,Uganda,www.vesti.ru,36,0,0.0,0.0,0.0,0.0
UG,Uganda,www.viber.com,12,0,0.0,0.0,0.0,0.0
UG,Uganda,www.videolan.org,20,0,0.0,0.0,0.0,0.0
UG,Uganda,www.voanews.com,12,0,0.0,0.0,0.0,0.0
UG,Uganda,www.vpnunlimited.com,36,0,0.0,0.0,0.0,0.0
UG,Uganda,www.warchild.org.uk,8,0,0.0,0.0,0.0,0.0
UG,Uganda,www.washingtontimes.com,12,0,0.0,0.0,0.0,0.0
UG,Uganda,www.wechat.com,12,0,0.0,0.0,0.0,0.0
UG,Uganda,www.well.com,24,0,0.0,0.0,0.0,0.0
UG,Uganda,www.westernunion.com,16,0,0.0,0.0,0.0,0.0
UG,Uganda,www.wftucentral.org,16,0,0.0,0.0,0.0,0.0
UG,Uganda,www.whatsapp.com,12,0,0.0,0.0,0.0,0.0
UG,Uganda,www.wiesenthal.com,16,0,0.0,0.0,0.0,0.0
UG,Uganda,www.wilpf.org,12,0,0.0,0.0,0.0,0.0
UG,Uganda,www.wluml.org,16,0,0.0,0.0,0.0,0.0
UG,Uganda,www.wnd.com,8,0,0.0,0.0,0.0,0.0
UG,Uganda,www.womankind.org.uk,36,0,0.0,0.0,0.0,0.0
UG,Uganda,www.womenforafghanwomen.org,36,0,0.0,0.0,0.0,0.0
UG,Uganda,www.womenforwomen.org,36,0,0.0,0.0,0.0,0.0
UG,Uganda,www.womenonwaves.org,16,0,0.0,0.0,0.0,0.0
UG,Uganda,www.womenpeacemakersprogram.org,36,0,0.0,0.0,0.0,0.0
UG,Uganda,www.womensmediacenter.com,16,0,0.0,0.0,0.0,0.0
UG,Uganda,www.worldcoalition.org,16,0,0.0,0.0,0.0,0.0
UG,Uganda,www.wougnet.org,16,0,0.0,0.0,0.0,0.0
UG,Uganda,www.xinhuanet.com,8,0,0.0,0.0,0.0,0.0
UG,Uganda,www.y2mate.com,24,0,0.0,0.0,0.0,0.0
UG,Uganda,www.yellowhammerfund.org,36,0,0.0,0.0,0.0,0.0
UG,Uganda,www.zeit.de,8,0,0.0,0.0,0.0,0.0
UG,Uganda,x.com,40,0,0.0,0.0,0.0,0.0
UG,Uganda,x1337x.eu,20,0,0.0,0.0,0.0,0.0
UG,Uganda,ya.ru,24,0,0.0,0.0,0.0,0.0
UG,Uganda,yourls.org,20,0,0.0,0.0,0.0,0.0
UG,Uganda,yts.lt,20,0,0.0,0.0,0.0,0.0
UG,Uganda,zenvpn.net,36,0,0.0,0.0,0.0,0.0
